processed_at,source_row_hash,id_cliente,telefono,question_id,question,text,tag,category,polarity,origin
2026-02-22T20:52:32.437450+00:00,f214de6a0edb4933ec9115aa7760a49caa80a9b4d869e9e8436ddaabd976e206,1,987654321,1,¿Qué mejorarías de la atención?,"Nada, estuvieron impecables.",mesero,atencion,bien,catalog
2026-02-22T20:52:32.437450+00:00,f214de6a0edb4933ec9115aa7760a49caa80a9b4d869e9e8436ddaabd976e206,1,987654321,2,¿Qué te pareció la atención?,"Excelente, el mozo fue muy amable.",mesero,atencion,bien,catalog
2026-02-22T20:52:32.437450+00:00,f214de6a0edb4933ec9115aa7760a49caa80a9b4d869e9e8436ddaabd976e206,1,987654321,3,¿Qué te gustó más de la comida?,El ceviche estaba súper fresco y con el picante perfecto.,comida,comida,bien,catalog
2026-02-22T20:52:32.437450+00:00,f214de6a0edb4933ec9115aa7760a49caa80a9b4d869e9e8436ddaabd976e206,1,987654321,4,¿Qué opina sobre la relación entre calidad y precio?,"Muy buena, el precio lo vale totalmente.",precio,precio_calidad,bien,catalog
2026-02-22T20:52:32.437450+00:00,f214de6a0edb4933ec9115aa7760a49caa80a9b4d869e9e8436ddaabd976e206,1,987654321,5,¿Qué te gustó mas del ambiente?,La música criolla de fondo a un volumen agradable.,ambiente,ambiente,bien,catalog
2026-02-22T20:52:32.437450+00:00,f214de6a0edb4933ec9115aa7760a49caa80a9b4d869e9e8436ddaabd976e206,1,987654321,6,¿Qué es lo que cambiarías de la experiencia?,"Absolutamente nada, regresaré pronto.",experiencia,experiencia_general,bien,catalog
2026-02-22T20:52:46.342000+00:00,78c1be089024422665482f98ae5ded5f33299b1f759e9131da4031565bd1b97e,2,912345678,1,¿Qué mejorarías de la atención?,Que estén más atentos a las mesas.,mesero,atencion,mal,catalog
2026-02-22T20:52:46.342000+00:00,78c1be089024422665482f98ae5ded5f33299b1f759e9131da4031565bd1b97e,2,912345678,2,¿Qué te pareció la atención?,"Lenta, tuvimos que rogar para que nos traigan la cuenta.",tiempo_espera,atencion,mal,catalog
2026-02-22T20:52:46.342000+00:00,78c1be089024422665482f98ae5ded5f33299b1f759e9131da4031565bd1b97e,2,912345678,2,¿Qué te pareció la atención?,"Lenta, tuvimos que rogar para que nos traigan la cuenta.",cobro,atencion,mal,catalog
2026-02-22T20:52:46.342000+00:00,78c1be089024422665482f98ae5ded5f33299b1f759e9131da4031565bd1b97e,2,912345678,3,¿Qué te gustó más de la comida?,El lomo saltado tenía buen sabor a wok.,comida,comida,bien,catalog
2026-02-22T20:52:46.342000+00:00,78c1be089024422665482f98ae5ded5f33299b1f759e9131da4031565bd1b97e,2,912345678,4,¿Qué opina sobre la relación entre calidad y precio?,Caro para las porciones tan pequeñas que sirven.,precio,precio_calidad,mal,catalog
2026-02-22T20:52:46.342000+00:00,78c1be089024422665482f98ae5ded5f33299b1f759e9131da4031565bd1b97e,2,912345678,5,¿Qué te gustó mas del ambiente?,Es amplio y ventilado.,ambiente,ambiente,bien,catalog
2026-02-22T20:52:46.342000+00:00,78c1be089024422665482f98ae5ded5f33299b1f759e9131da4031565bd1b97e,2,912345678,6,¿Qué es lo que cambiarías de la experiencia?,"El tiempo de espera, tardaron 40 minutos en servir.",tiempo_espera,atencion,mal,catalog
2026-02-22T20:52:57.389942+00:00,6ea11f630978f3f5490865adfc31bab10090e18c7f040cd7ed255332143a2b99,3,998877665,1,¿Qué mejorarías de la atención?,La rapidez para entregar las bebidas.,tiempo_espera,atencion,mal,catalog
2026-02-22T20:52:57.389942+00:00,6ea11f630978f3f5490865adfc31bab10090e18c7f040cd7ed255332143a2b99,3,998877665,2,¿Qué te pareció la atención?,"Normal, hicieron su trabajo pero sin destacar.",mesero,atencion,neutral,catalog
2026-02-22T20:52:57.389942+00:00,6ea11f630978f3f5490865adfc31bab10090e18c7f040cd7ed255332143a2b99,3,998877665,3,¿Qué te gustó más de la comida?,La causa limeña estaba muy suave.,textura_plato,comida,bien,llm_new
2026-02-22T20:52:57.389942+00:00,6ea11f630978f3f5490865adfc31bab10090e18c7f040cd7ed255332143a2b99,3,998877665,4,¿Qué opina sobre la relación entre calidad y precio?,Precio justo para la zona.,precio,precio_calidad,bien,catalog
2026-02-22T20:52:57.389942+00:00,6ea11f630978f3f5490865adfc31bab10090e18c7f040cd7ed255332143a2b99,3,998877665,5,¿Qué te gustó mas del ambiente?,La decoración con temática peruana.,ambiente,ambiente,bien,catalog
2026-02-22T20:52:57.389942+00:00,6ea11f630978f3f5490865adfc31bab10090e18c7f040cd7ed255332143a2b99,3,998877665,6,¿Qué es lo que cambiarías de la experiencia?,"El ruido, había mucho eco en el salón.",ambiente,ambiente,mal,catalog
2026-02-22T20:53:11.091313+00:00,807324a0262c818081415957e42e9eb4672191ebbd5a34a0a3159f62eb47c42f,4,955443322,1,¿Qué mejorarías de la atención?,Conocer mejor los platos para dar recomendaciones.,mesero,atencion,mal,catalog
2026-02-22T20:53:11.091313+00:00,807324a0262c818081415957e42e9eb4672191ebbd5a34a0a3159f62eb47c42f,4,955443322,2,¿Qué te pareció la atención?,Amable pero se notaba que eran nuevos.,mesero,atencion,bien,catalog
2026-02-22T20:53:11.091313+00:00,807324a0262c818081415957e42e9eb4672191ebbd5a34a0a3159f62eb47c42f,4,955443322,2,¿Qué te pareció la atención?,Amable pero se notaba que eran nuevos.,mesero,atencion,mal,catalog
2026-02-22T20:53:11.091313+00:00,807324a0262c818081415957e42e9eb4672191ebbd5a34a0a3159f62eb47c42f,4,955443322,3,¿Qué te gustó más de la comida?,El ají de gallina estaba como el de mi abuela.,comida,comida,bien,catalog
2026-02-22T20:53:11.091313+00:00,807324a0262c818081415957e42e9eb4672191ebbd5a34a0a3159f62eb47c42f,4,955443322,4,¿Qué opina sobre la relación entre calidad y precio?,"Me pareció un poco elevado, pero aceptable.",precio,precio_calidad,neutral,catalog
2026-02-22T20:53:11.091313+00:00,807324a0262c818081415957e42e9eb4672191ebbd5a34a0a3159f62eb47c42f,4,955443322,5,¿Qué te gustó mas del ambiente?,Las sillas son muy cómodas.,sillas,ambiente,bien,llm_new
2026-02-22T20:53:11.091313+00:00,807324a0262c818081415957e42e9eb4672191ebbd5a34a0a3159f62eb47c42f,4,955443322,6,¿Qué es lo que cambiarías de la experiencia?,"La iluminación, estaba un poco oscuro.",ambiente,ambiente,mal,catalog
2026-02-22T20:53:33.908759+00:00,c92c0f3fdeda64e2f49104d3ee8feb826a031c16acc66dec1bc868d6349a757b,5,922334455,1,¿Qué mejorarías de la atención?,"Que traigan todo junto, mi esposa comió primero.",entrega_platos,atencion,mal,llm_new
2026-02-22T20:53:33.908759+00:00,c92c0f3fdeda64e2f49104d3ee8feb826a031c16acc66dec1bc868d6349a757b,5,922334455,2,¿Qué te pareció la atención?,Desorganizada.,organizacion_servicio,atencion,mal,llm_new
2026-02-22T20:53:33.908759+00:00,c92c0f3fdeda64e2f49104d3ee8feb826a031c16acc66dec1bc868d6349a757b,5,922334455,3,¿Qué te gustó más de la comida?,Los anticuchos estaban muy bien sazonados.,comida,comida,bien,catalog
2026-02-22T20:53:33.908759+00:00,c92c0f3fdeda64e2f49104d3ee8feb826a031c16acc66dec1bc868d6349a757b,5,922334455,4,¿Qué opina sobre la relación entre calidad y precio?,"Mala, no justifica el precio.",precio,precio_calidad,mal,catalog
2026-02-22T20:53:33.908759+00:00,c92c0f3fdeda64e2f49104d3ee8feb826a031c16acc66dec1bc868d6349a757b,5,922334455,5,¿Qué te gustó mas del ambiente?,La limpieza de los baños es buena.,limpieza_banos,ambiente,bien,llm_new
2026-02-22T20:53:33.908759+00:00,c92c0f3fdeda64e2f49104d3ee8feb826a031c16acc66dec1bc868d6349a757b,5,922334455,6,¿Qué es lo que cambiarías de la experiencia?,El orden en que sacan los platos.,orden_platos,atencion,mal,llm_new
2026-02-22T20:53:51.830284+00:00,4c9b132b6d05fefc602c47da3386a993ff89f35c5b7f86065eb33351ebccf0b6,6,981273645,1,¿Qué mejorarías de la atención?,"Nada, nos hicieron sentir en casa.",mesero,atencion,bien,catalog
2026-02-22T20:53:51.830284+00:00,4c9b132b6d05fefc602c47da3386a993ff89f35c5b7f86065eb33351ebccf0b6,6,981273645,1,¿Qué mejorarías de la atención?,"Nada, nos hicieron sentir en casa.",experiencia,experiencia_general,bien,catalog
2026-02-22T20:53:51.830284+00:00,4c9b132b6d05fefc602c47da3386a993ff89f35c5b7f86065eb33351ebccf0b6,6,981273645,2,¿Qué te pareció la atención?,"Maravillosa, muy atentos a que no nos falte nada.",mesero,atencion,bien,catalog
2026-02-22T20:53:51.830284+00:00,4c9b132b6d05fefc602c47da3386a993ff89f35c5b7f86065eb33351ebccf0b6,6,981273645,3,¿Qué te gustó más de la comida?,"La chicha morada, heladita y natural.",chicha_morada,comida,bien,llm_new
2026-02-22T20:53:51.830284+00:00,4c9b132b6d05fefc602c47da3386a993ff89f35c5b7f86065eb33351ebccf0b6,6,981273645,4,¿Qué opina sobre la relación entre calidad y precio?,"100% recomendado, muy buena relación.",precio,precio_calidad,bien,catalog
2026-02-22T20:53:51.830284+00:00,4c9b132b6d05fefc602c47da3386a993ff89f35c5b7f86065eb33351ebccf0b6,6,981273645,5,¿Qué te gustó mas del ambiente?,La terraza es hermosa.,ambiente,ambiente,bien,catalog
2026-02-22T20:53:51.830284+00:00,4c9b132b6d05fefc602c47da3386a993ff89f35c5b7f86065eb33351ebccf0b6,6,981273645,6,¿Qué es lo que cambiarías de la experiencia?,"Me iría más tarde, la pasamos genial.",experiencia,experiencia_general,bien,catalog
2026-02-22T20:54:16.932367+00:00,e7753a656134a0848fb5cfbc97cfe49ac63b0543946acd7f8aee35e9c5b7f495,7,944556677,1,¿Qué mejorarías de la atención?,Sonreír un poco más no cuesta nada.,mesero,atencion,mal,catalog
2026-02-22T20:54:16.932367+00:00,e7753a656134a0848fb5cfbc97cfe49ac63b0543946acd7f8aee35e9c5b7f495,7,944556677,2,¿Qué te pareció la atención?,Fría y mecánica.,mesero,atencion,mal,catalog
2026-02-22T20:54:16.932367+00:00,e7753a656134a0848fb5cfbc97cfe49ac63b0543946acd7f8aee35e9c5b7f495,7,944556677,3,¿Qué te gustó más de la comida?,El arroz con mariscos estaba jugoso.,comida,comida,bien,catalog
2026-02-22T20:54:16.932367+00:00,e7753a656134a0848fb5cfbc97cfe49ac63b0543946acd7f8aee35e9c5b7f495,7,944556677,4,¿Qué opina sobre la relación entre calidad y precio?,"Pagable, ni barato ni caro.",precio,precio_calidad,neutral,catalog
2026-02-22T20:54:16.932367+00:00,e7753a656134a0848fb5cfbc97cfe49ac63b0543946acd7f8aee35e9c5b7f495,7,944556677,5,¿Qué te gustó mas del ambiente?,Tiene buena vista a la calle.,vista_calle,ambiente,bien,llm_new
2026-02-22T20:54:16.932367+00:00,e7753a656134a0848fb5cfbc97cfe49ac63b0543946acd7f8aee35e9c5b7f495,7,944556677,6,¿Qué es lo que cambiarías de la experiencia?,La actitud del personal de recepción.,mesero,atencion,mal,catalog
2026-02-22T20:54:31.798525+00:00,e347fd58d1413d5567f5a28a683f2dd53ace871bc48312aefbbafaec9d843d91,8,977889900,1,¿Qué mejorarías de la atención?,La limpieza de la mesa antes de sentarnos.,limpieza_mesa,ambiente,mal,llm_new
2026-02-22T20:54:31.798525+00:00,e347fd58d1413d5567f5a28a683f2dd53ace871bc48312aefbbafaec9d843d91,8,977889900,2,¿Qué te pareció la atención?,Poco atenta.,mesero,atencion,mal,catalog
2026-02-22T20:54:31.798525+00:00,e347fd58d1413d5567f5a28a683f2dd53ace871bc48312aefbbafaec9d843d91,8,977889900,3,¿Qué te gustó más de la comida?,El tacu tacu con seco de carne espectacular.,comida,comida,bien,catalog
2026-02-22T20:54:31.798525+00:00,e347fd58d1413d5567f5a28a683f2dd53ace871bc48312aefbbafaec9d843d91,8,977889900,4,¿Qué opina sobre la relación entre calidad y precio?,Un poco caro para el servicio recibido.,precio,precio_calidad,mal,catalog
2026-02-22T20:54:31.798525+00:00,e347fd58d1413d5567f5a28a683f2dd53ace871bc48312aefbbafaec9d843d91,8,977889900,5,¿Qué te gustó mas del ambiente?,Es un lugar tranquilo.,ambiente,ambiente,bien,catalog
2026-02-22T20:54:31.798525+00:00,e347fd58d1413d5567f5a28a683f2dd53ace871bc48312aefbbafaec9d843d91,8,977889900,6,¿Qué es lo que cambiarías de la experiencia?,Mejorar el aseo general del local.,aseo_local,ambiente,mal,llm_new
2026-02-22T20:54:45.407530+00:00,a2e26703b498665db9aa8429340a341e56a05ebaa8bcdbfaa24bd6b2bf4920cb,9,933221100,1,¿Qué mejorarías de la atención?,Capacitar en vinos para maridar.,conocimiento_vinos,atencion,mal,llm_new
2026-02-22T20:54:45.407530+00:00,a2e26703b498665db9aa8429340a341e56a05ebaa8bcdbfaa24bd6b2bf4920cb,9,933221100,2,¿Qué te pareció la atención?,"Buena, pero les falta conocimiento de la carta.",mesero,atencion,bien,catalog
2026-02-22T20:54:45.407530+00:00,a2e26703b498665db9aa8429340a341e56a05ebaa8bcdbfaa24bd6b2bf4920cb,9,933221100,2,¿Qué te pareció la atención?,"Buena, pero les falta conocimiento de la carta.",conocimiento_carta,atencion,mal,llm_new
2026-02-22T20:54:45.407530+00:00,a2e26703b498665db9aa8429340a341e56a05ebaa8bcdbfaa24bd6b2bf4920cb,9,933221100,3,¿Qué te gustó más de la comida?,El tiradito al ají amarillo fue lo mejor.,comida,comida,bien,catalog
2026-02-22T20:54:45.407530+00:00,a2e26703b498665db9aa8429340a341e56a05ebaa8bcdbfaa24bd6b2bf4920cb,9,933221100,4,¿Qué opina sobre la relación entre calidad y precio?,"Excelente calidad, precio razonable.",precio,precio_calidad,bien,catalog
2026-02-22T20:54:45.407530+00:00,a2e26703b498665db9aa8429340a341e56a05ebaa8bcdbfaa24bd6b2bf4920cb,9,933221100,5,¿Qué te gustó mas del ambiente?,El ambiente familiar.,ambiente_familiar,ambiente,bien,llm_new
2026-02-22T20:54:45.407530+00:00,a2e26703b498665db9aa8429340a341e56a05ebaa8bcdbfaa24bd6b2bf4920cb,9,933221100,6,¿Qué es lo que cambiarías de la experiencia?,Ofrecerían más opciones de postres.,comida,comida,mal,catalog
2026-02-22T20:55:03.383924+00:00,1d5768ea760eb2438c4c5231c2d3784195cde92b50ccbdfef8244e18abc9a0e3,10,911223344,1,¿Qué mejorarías de la atención?,"Nada, el servicio fue rápido.",tiempo_espera,atencion,bien,catalog
2026-02-22T20:55:03.383924+00:00,1d5768ea760eb2438c4c5231c2d3784195cde92b50ccbdfef8244e18abc9a0e3,10,911223344,2,¿Qué te pareció la atención?,"Muy eficiente, ideal para hora de almuerzo.",experiencia,experiencia_general,bien,catalog
2026-02-22T20:55:03.383924+00:00,1d5768ea760eb2438c4c5231c2d3784195cde92b50ccbdfef8244e18abc9a0e3,10,911223344,2,¿Qué te pareció la atención?,"Muy eficiente, ideal para hora de almuerzo.",tiempo_espera,atencion,bien,catalog
2026-02-22T20:55:03.383924+00:00,1d5768ea760eb2438c4c5231c2d3784195cde92b50ccbdfef8244e18abc9a0e3,10,911223344,3,¿Qué te gustó más de la comida?,El menú del día estaba bien servido.,comida,comida,bien,catalog
2026-02-22T20:55:03.383924+00:00,1d5768ea760eb2438c4c5231c2d3784195cde92b50ccbdfef8244e18abc9a0e3,10,911223344,4,¿Qué opina sobre la relación entre calidad y precio?,Muy económico para ser tan rico.,precio,precio_calidad,bien,catalog
2026-02-22T20:55:03.383924+00:00,1d5768ea760eb2438c4c5231c2d3784195cde92b50ccbdfef8244e18abc9a0e3,10,911223344,5,¿Qué te gustó mas del ambiente?,"Sin pretensiones, es un lugar para comer rápido.",ambiente,ambiente,neutral,catalog
2026-02-22T20:55:03.383924+00:00,1d5768ea760eb2438c4c5231c2d3784195cde92b50ccbdfef8244e18abc9a0e3,10,911223344,5,¿Qué te gustó mas del ambiente?,"Sin pretensiones, es un lugar para comer rápido.",tiempo_espera,atencion,neutral,catalog
2026-02-22T20:55:03.383924+00:00,1d5768ea760eb2438c4c5231c2d3784195cde92b50ccbdfef8244e18abc9a0e3,10,911223344,6,¿Qué es lo que cambiarías de la experiencia?,"Nada, cumplió su función.",experiencia,experiencia_general,bien,catalog
2026-02-22T20:55:21.415663+00:00,a3597963ddc9016a20a1c05ecb6bb38cb35f56afdd79c849a9d843780ee8766b,11,966778899,1,¿Qué mejorarías de la atención?,Más personal los fines de semana.,mesero,atencion,mal,catalog
2026-02-22T20:55:21.415663+00:00,a3597963ddc9016a20a1c05ecb6bb38cb35f56afdd79c849a9d843780ee8766b,11,966778899,2,¿Qué te pareció la atención?,"Colapsada, los mozos corrían y se olvidaban cosas.",mesero,atencion,mal,catalog
2026-02-22T20:55:21.415663+00:00,a3597963ddc9016a20a1c05ecb6bb38cb35f56afdd79c849a9d843780ee8766b,11,966778899,3,¿Qué te gustó más de la comida?,La jalea mixta estuvo crocante.,comida,comida,bien,catalog
2026-02-22T20:55:21.415663+00:00,a3597963ddc9016a20a1c05ecb6bb38cb35f56afdd79c849a9d843780ee8766b,11,966778899,4,¿Qué opina sobre la relación entre calidad y precio?,"Mala, cobraron un recargo que no avisaron.",cobro,atencion,mal,catalog
2026-02-22T20:55:21.415663+00:00,a3597963ddc9016a20a1c05ecb6bb38cb35f56afdd79c849a9d843780ee8766b,11,966778899,4,¿Qué opina sobre la relación entre calidad y precio?,"Mala, cobraron un recargo que no avisaron.",precio,precio_calidad,mal,catalog
2026-02-22T20:55:21.415663+00:00,a3597963ddc9016a20a1c05ecb6bb38cb35f56afdd79c849a9d843780ee8766b,11,966778899,5,¿Qué te gustó mas del ambiente?,"Nada, mucho alboroto.",ambiente,ambiente,mal,catalog
2026-02-22T20:55:21.415663+00:00,a3597963ddc9016a20a1c05ecb6bb38cb35f56afdd79c849a9d843780ee8766b,11,966778899,6,¿Qué es lo que cambiarías de la experiencia?,"El aforo, meten demasiada gente y es incómodo.",experiencia,experiencia_general,mal,catalog
2026-02-22T20:55:40.263064+00:00,18d7ca0c2e1269d6d13e876e548f42ee7a3527789ceb60b7bf0c0f49b8b36af5,12,988112233,1,¿Qué mejorarías de la atención?,Servir el café caliente.,cafe_temperatura,comida,mal,llm_new
2026-02-22T20:55:40.263064+00:00,18d7ca0c2e1269d6d13e876e548f42ee7a3527789ceb60b7bf0c0f49b8b36af5,12,988112233,2,¿Qué te pareció la atención?,"Estuvo bien, a secas.",mesero,atencion,bien,catalog
2026-02-22T20:55:40.263064+00:00,18d7ca0c2e1269d6d13e876e548f42ee7a3527789ceb60b7bf0c0f49b8b36af5,12,988112233,3,¿Qué te gustó más de la comida?,Los picarones al final de la comida.,comida,comida,bien,catalog
2026-02-22T20:55:40.263064+00:00,18d7ca0c2e1269d6d13e876e548f42ee7a3527789ceb60b7bf0c0f49b8b36af5,12,988112233,4,¿Qué opina sobre la relación entre calidad y precio?,"Precio promedio, todo ok.",precio,precio_calidad,neutral,catalog
2026-02-22T20:55:40.263064+00:00,18d7ca0c2e1269d6d13e876e548f42ee7a3527789ceb60b7bf0c0f49b8b36af5,12,988112233,5,¿Qué te gustó mas del ambiente?,La música en vivo fue un bonito toque.,ambiente,ambiente,bien,catalog
2026-02-22T20:55:40.263064+00:00,18d7ca0c2e1269d6d13e876e548f42ee7a3527789ceb60b7bf0c0f49b8b36af5,12,988112233,6,¿Qué es lo que cambiarías de la experiencia?,Poner más ventiladores.,ventilacion,ambiente,mal,llm_new
2026-02-22T20:55:58.536080+00:00,8a93045a55a033e4a30c47d31ffeb204553c488fc06bf0f67eb01da44d6d40e1,13,955667788,1,¿Qué mejorarías de la atención?,Que no nos apuren para pedir.,mesero,atencion,mal,catalog
2026-02-22T20:55:58.536080+00:00,8a93045a55a033e4a30c47d31ffeb204553c488fc06bf0f67eb01da44d6d40e1,13,955667788,2,¿Qué te pareció la atención?,Un poco invasiva.,mesero,atencion,mal,catalog
2026-02-22T20:55:58.536080+00:00,8a93045a55a033e4a30c47d31ffeb204553c488fc06bf0f67eb01da44d6d40e1,13,955667788,3,¿Qué te gustó más de la comida?,El rocoto relleno picaba en su punto.,comida,comida,bien,catalog
2026-02-22T20:55:58.536080+00:00,8a93045a55a033e4a30c47d31ffeb204553c488fc06bf0f67eb01da44d6d40e1,13,955667788,4,¿Qué opina sobre la relación entre calidad y precio?,Un poco inflado el precio.,precio,precio_calidad,mal,catalog
2026-02-22T20:55:58.536080+00:00,8a93045a55a033e4a30c47d31ffeb204553c488fc06bf0f67eb01da44d6d40e1,13,955667788,5,¿Qué te gustó mas del ambiente?,Es acogedor.,ambiente,ambiente,bien,catalog
2026-02-22T20:55:58.536080+00:00,8a93045a55a033e4a30c47d31ffeb204553c488fc06bf0f67eb01da44d6d40e1,13,955667788,6,¿Qué es lo que cambiarías de la experiencia?,Que dejen conversar tranquilos después de comer.,tiempo_en_mesa,experiencia_general,mal,llm_new
2026-02-22T20:56:22.598109+00:00,e83f844a2d5ca86e8116b4a77ab3aa9de9c8e9c8ec8a57fcbd12cd11c930b41c,14,922110099,1,¿Qué mejorarías de la atención?,La actitud del administrador.,administrador,atencion,mal,llm_new
2026-02-22T20:56:22.598109+00:00,e83f844a2d5ca86e8116b4a77ab3aa9de9c8e9c8ec8a57fcbd12cd11c930b41c,14,922110099,2,¿Qué te pareció la atención?,"El mozo bien, el gerente muy prepotente ante un reclamo.",mesero,atencion,bien,catalog
2026-02-22T20:56:22.598109+00:00,e83f844a2d5ca86e8116b4a77ab3aa9de9c8e9c8ec8a57fcbd12cd11c930b41c,14,922110099,2,¿Qué te pareció la atención?,"El mozo bien, el gerente muy prepotente ante un reclamo.",gerente,atencion,mal,llm_new
2026-02-22T20:56:22.598109+00:00,e83f844a2d5ca86e8116b4a77ab3aa9de9c8e9c8ec8a57fcbd12cd11c930b41c,14,922110099,3,¿Qué te gustó más de la comida?,El chupe de camarones estaba contundente.,comida,comida,bien,catalog
2026-02-22T20:56:22.598109+00:00,e83f844a2d5ca86e8116b4a77ab3aa9de9c8e9c8ec8a57fcbd12cd11c930b41c,14,922110099,4,¿Qué opina sobre la relación entre calidad y precio?,Pésimo valor por el mal rato que pasamos.,precio,precio_calidad,mal,catalog
2026-02-22T20:56:22.598109+00:00,e83f844a2d5ca86e8116b4a77ab3aa9de9c8e9c8ec8a57fcbd12cd11c930b41c,14,922110099,4,¿Qué opina sobre la relación entre calidad y precio?,Pésimo valor por el mal rato que pasamos.,experiencia,experiencia_general,mal,catalog
2026-02-22T20:56:22.598109+00:00,e83f844a2d5ca86e8116b4a77ab3aa9de9c8e9c8ec8a57fcbd12cd11c930b41c,14,922110099,5,¿Qué te gustó mas del ambiente?,La decoración rústica.,decoracion,ambiente,bien,llm_new
2026-02-22T20:56:22.598109+00:00,e83f844a2d5ca86e8116b4a77ab3aa9de9c8e9c8ec8a57fcbd12cd11c930b41c,14,922110099,6,¿Qué es lo que cambiarías de la experiencia?,El trato ante las quejas.,manejo_quejas,atencion,mal,llm_new
2026-02-22T20:56:41.950677+00:00,d0c33161a50d9db68b099fdbecd06221892e8a21662e069ae95d1092634b1847,15,999888777,1,¿Qué mejorarías de la atención?,"Nada, atención de primera.",mesero,atencion,bien,catalog
2026-02-22T20:56:41.950677+00:00,d0c33161a50d9db68b099fdbecd06221892e8a21662e069ae95d1092634b1847,15,999888777,2,¿Qué te pareció la atención?,"Atentos a mis alergias, me dio mucha seguridad.",manejo_alergias,atencion,bien,llm_new
2026-02-22T20:56:41.950677+00:00,d0c33161a50d9db68b099fdbecd06221892e8a21662e069ae95d1092634b1847,15,999888777,3,¿Qué te gustó más de la comida?,Pudieron adaptarme el ceviche sin ají.,adaptacion_plato,atencion,bien,llm_new
2026-02-22T20:56:41.950677+00:00,d0c33161a50d9db68b099fdbecd06221892e8a21662e069ae95d1092634b1847,15,999888777,4,¿Qué opina sobre la relación entre calidad y precio?,"Excelente, lo vale por la tranquilidad.",precio,precio_calidad,bien,catalog
2026-02-22T20:56:41.950677+00:00,d0c33161a50d9db68b099fdbecd06221892e8a21662e069ae95d1092634b1847,15,999888777,4,¿Qué opina sobre la relación entre calidad y precio?,"Excelente, lo vale por la tranquilidad.",tranquilidad,ambiente,bien,llm_new
2026-02-22T20:56:41.950677+00:00,d0c33161a50d9db68b099fdbecd06221892e8a21662e069ae95d1092634b1847,15,999888777,5,¿Qué te gustó mas del ambiente?,"Música suave, se podía conversar.",ambiente,ambiente,bien,catalog
2026-02-22T20:56:41.950677+00:00,d0c33161a50d9db68b099fdbecd06221892e8a21662e069ae95d1092634b1847,15,999888777,6,¿Qué es lo que cambiarías de la experiencia?,"Nada, todo me pareció bien cuidado.",experiencia,experiencia_general,bien,catalog
2026-02-22T20:57:03.794449+00:00,4bdc8b62b1ac70f8e90e6821ae52f6d4088ef621f4dc53ef0d522a299c984558,16,944332211,1,¿Qué mejorarías de la atención?,Más rapidez al inicio.,tiempo_espera,atencion,mal,catalog
2026-02-22T20:57:03.794449+00:00,4bdc8b62b1ac70f8e90e6821ae52f6d4088ef621f4dc53ef0d522a299c984558,16,944332211,2,¿Qué te pareció la atención?,"Tardaron en traernos la carta, luego todo bien.",tiempo_espera,atencion,mal,catalog
2026-02-22T20:57:03.794449+00:00,4bdc8b62b1ac70f8e90e6821ae52f6d4088ef621f4dc53ef0d522a299c984558,16,944332211,2,¿Qué te pareció la atención?,"Tardaron en traernos la carta, luego todo bien.",mesero,atencion,bien,catalog
2026-02-22T20:57:03.794449+00:00,4bdc8b62b1ac70f8e90e6821ae52f6d4088ef621f4dc53ef0d522a299c984558,16,944332211,3,¿Qué te gustó más de la comida?,El pisco sour estaba en su punto.,pisco_sour,comida,bien,llm_new
2026-02-22T20:57:03.794449+00:00,4bdc8b62b1ac70f8e90e6821ae52f6d4088ef621f4dc53ef0d522a299c984558,16,944332211,4,¿Qué opina sobre la relación entre calidad y precio?,Razonable.,precio,precio_calidad,neutral,catalog
2026-02-22T20:57:03.794449+00:00,4bdc8b62b1ac70f8e90e6821ae52f6d4088ef621f4dc53ef0d522a299c984558,16,944332211,5,¿Qué te gustó mas del ambiente?,Los cuadros de paisajes peruanos.,decoracion,ambiente,bien,llm_new
2026-02-22T20:57:03.794449+00:00,4bdc8b62b1ac70f8e90e6821ae52f6d4088ef621f4dc53ef0d522a299c984558,16,944332211,6,¿Qué es lo que cambiarías de la experiencia?,La atención inicial al llegar al local.,mesero,atencion,mal,catalog
2026-02-22T20:57:20.404326+00:00,28f410ae2177746eec637b037a986388b1236b62c76df4f9f2c294b13cb39769,17,977665544,1,¿Qué mejorarías de la atención?,Que el pan al ajo llegue caliente.,comida,comida,mal,catalog
2026-02-22T20:57:20.404326+00:00,28f410ae2177746eec637b037a986388b1236b62c76df4f9f2c294b13cb39769,17,977665544,2,¿Qué te pareció la atención?,Descuidada.,mesero,atencion,mal,catalog
2026-02-22T20:57:20.404326+00:00,28f410ae2177746eec637b037a986388b1236b62c76df4f9f2c294b13cb39769,17,977665544,3,¿Qué te gustó más de la comida?,La corvina a la plancha.,comida,comida,bien,catalog
2026-02-22T20:57:20.404326+00:00,28f410ae2177746eec637b037a986388b1236b62c76df4f9f2c294b13cb39769,17,977665544,4,¿Qué opina sobre la relación entre calidad y precio?,Muy caro.,precio,precio_calidad,mal,catalog
2026-02-22T20:57:20.404326+00:00,28f410ae2177746eec637b037a986388b1236b62c76df4f9f2c294b13cb39769,17,977665544,5,¿Qué te gustó mas del ambiente?,Se sentía olor a cocina en el salón.,ambiente,ambiente,mal,catalog
2026-02-22T20:57:20.404326+00:00,28f410ae2177746eec637b037a986388b1236b62c76df4f9f2c294b13cb39769,17,977665544,6,¿Qué es lo que cambiarías de la experiencia?,Mejorar la extracción de aire.,ventilacion,ambiente,mal,llm_new
2026-02-22T20:57:32.366400+00:00,70bf2855b8fcd59b9fd81070d2705fb281b3cc532a7a6cdbd537172a0316a393,18,911335577,1,¿Qué mejorarías de la atención?,Que ofrezcan opciones para niños activamente.,opciones_ninos,comida,mal,llm_new
2026-02-22T20:57:32.366400+00:00,70bf2855b8fcd59b9fd81070d2705fb281b3cc532a7a6cdbd537172a0316a393,18,911335577,2,¿Qué te pareció la atención?,Muy amable con mis hijos.,mesero,atencion,bien,catalog
2026-02-22T20:57:32.366400+00:00,70bf2855b8fcd59b9fd81070d2705fb281b3cc532a7a6cdbd537172a0316a393,18,911335577,3,¿Qué te gustó más de la comida?,El chicharrón de pollo para los chicos.,comida,comida,bien,catalog
2026-02-22T20:57:32.366400+00:00,70bf2855b8fcd59b9fd81070d2705fb281b3cc532a7a6cdbd537172a0316a393,18,911335577,4,¿Qué opina sobre la relación entre calidad y precio?,Justo.,precio,precio_calidad,bien,catalog
2026-02-22T20:57:32.366400+00:00,70bf2855b8fcd59b9fd81070d2705fb281b3cc532a7a6cdbd537172a0316a393,18,911335577,5,¿Qué te gustó mas del ambiente?,Las áreas amplias para que entren las sillas de ruedas.,accesibilidad,ambiente,bien,llm_new
2026-02-22T20:57:32.366400+00:00,70bf2855b8fcd59b9fd81070d2705fb281b3cc532a7a6cdbd537172a0316a393,18,911335577,6,¿Qué es lo que cambiarías de la experiencia?,Tener un menú infantil físico.,menu_infantil,comida,mal,llm_new
2026-02-22T20:57:48.576144+00:00,91035f5e487d36132ddf1f8060ed49abe82f201e477985a0f42010f3e13892be,19,988776655,1,¿Qué mejorarías de la atención?,Servir el agua sin pedirla.,servicio_agua,atencion,mal,llm_new
2026-02-22T20:57:48.576144+00:00,91035f5e487d36132ddf1f8060ed49abe82f201e477985a0f42010f3e13892be,19,988776655,2,¿Qué te pareció la atención?,"Correcta, muy formal.",mesero,atencion,bien,catalog
2026-02-22T20:57:48.576144+00:00,91035f5e487d36132ddf1f8060ed49abe82f201e477985a0f42010f3e13892be,19,988776655,3,¿Qué te gustó más de la comida?,El ceviche de conchas negras.,comida,comida,bien,catalog
2026-02-22T20:57:48.576144+00:00,91035f5e487d36132ddf1f8060ed49abe82f201e477985a0f42010f3e13892be,19,988776655,4,¿Qué opina sobre la relación entre calidad y precio?,"Calidad premium, precio premium, está bien.",precio,precio_calidad,bien,catalog
2026-02-22T20:57:48.576144+00:00,91035f5e487d36132ddf1f8060ed49abe82f201e477985a0f42010f3e13892be,19,988776655,5,¿Qué te gustó mas del ambiente?,La elegancia del local.,ambiente,ambiente,bien,catalog
2026-02-22T20:57:48.576144+00:00,91035f5e487d36132ddf1f8060ed49abe82f201e477985a0f42010f3e13892be,19,988776655,6,¿Qué es lo que cambiarías de la experiencia?,Bajar un poco el volumen de la música instrumental.,ambiente,ambiente,mal,catalog
2026-02-22T20:58:02.219905+00:00,030dd2c5f764743c2637b7d1bdeb096325ea5f59e014f7dca4ed87e52de5ce5d,20,933445566,1,¿Qué mejorarías de la atención?,Manejar mejor las reservas.,experiencia,experiencia_general,mal,catalog
2026-02-22T20:58:02.219905+00:00,030dd2c5f764743c2637b7d1bdeb096325ea5f59e014f7dca4ed87e52de5ce5d,20,933445566,2,¿Qué te pareció la atención?,"Esperamos mesa pese a tener reserva, el mozo se disculpó.",tiempo_espera,atencion,mal,catalog
2026-02-22T20:58:02.219905+00:00,030dd2c5f764743c2637b7d1bdeb096325ea5f59e014f7dca4ed87e52de5ce5d,20,933445566,2,¿Qué te pareció la atención?,"Esperamos mesa pese a tener reserva, el mozo se disculpó.",mesero,atencion,bien,catalog
2026-02-22T20:58:02.219905+00:00,030dd2c5f764743c2637b7d1bdeb096325ea5f59e014f7dca4ed87e52de5ce5d,20,933445566,3,¿Qué te gustó más de la comida?,La parihuela levantamuertos.,comida,comida,bien,catalog
2026-02-22T20:58:02.219905+00:00,030dd2c5f764743c2637b7d1bdeb096325ea5f59e014f7dca4ed87e52de5ce5d,20,933445566,4,¿Qué opina sobre la relación entre calidad y precio?,"Aceptable, compensaron la espera con un aperitivo.",precio,precio_calidad,neutral,catalog
2026-02-22T20:58:02.219905+00:00,030dd2c5f764743c2637b7d1bdeb096325ea5f59e014f7dca4ed87e52de5ce5d,20,933445566,4,¿Qué opina sobre la relación entre calidad y precio?,"Aceptable, compensaron la espera con un aperitivo.",tiempo_espera,atencion,bien,catalog
2026-02-22T20:58:02.219905+00:00,030dd2c5f764743c2637b7d1bdeb096325ea5f59e014f7dca4ed87e52de5ce5d,20,933445566,5,¿Qué te gustó mas del ambiente?,Buen ambiente pese a estar lleno.,ambiente,ambiente,bien,catalog
2026-02-22T20:58:02.219905+00:00,030dd2c5f764743c2637b7d1bdeb096325ea5f59e014f7dca4ed87e52de5ce5d,20,933445566,6,¿Qué es lo que cambiarías de la experiencia?,El sistema de reservas es un desastre.,experiencia,experiencia_general,mal,catalog
2026-02-22T20:58:14.599581+00:00,96cdcce92189e7c61597a6cf1e35796d4349fabba26df8f3f61a19f63e0bd172,21,955112233,1,¿Qué mejorarías de la atención?,Más proactividad.,mesero,atencion,mal,catalog
2026-02-22T20:58:14.599581+00:00,96cdcce92189e7c61597a6cf1e35796d4349fabba26df8f3f61a19f63e0bd172,21,955112233,2,¿Qué te pareció la atención?,Tuve que pedir las servilletas tres veces.,mesero,atencion,mal,catalog
2026-02-22T20:58:14.599581+00:00,96cdcce92189e7c61597a6cf1e35796d4349fabba26df8f3f61a19f63e0bd172,21,955112233,3,¿Qué te gustó más de la comida?,El arroz chaufa de mariscos.,comida,comida,bien,catalog
2026-02-22T20:58:14.599581+00:00,96cdcce92189e7c61597a6cf1e35796d4349fabba26df8f3f61a19f63e0bd172,21,955112233,4,¿Qué opina sobre la relación entre calidad y precio?,Regular.,precio,precio_calidad,neutral,catalog
2026-02-22T20:58:14.599581+00:00,96cdcce92189e7c61597a6cf1e35796d4349fabba26df8f3f61a19f63e0bd172,21,955112233,5,¿Qué te gustó mas del ambiente?,Es un lugar céntrico.,ubicacion,ambiente,bien,llm_new
2026-02-22T20:58:14.599581+00:00,96cdcce92189e7c61597a6cf1e35796d4349fabba26df8f3f61a19f63e0bd172,21,955112233,6,¿Qué es lo que cambiarías de la experiencia?,La limpieza de los cubiertos.,limpieza_cubiertos,ambiente,mal,llm_new
2026-02-22T20:58:28.027010+00:00,97a2d355f74585a38449dd9cc25d418ba58a9914c2c54e3376c94f59c0acb2f5,22,966223344,1,¿Qué mejorarías de la atención?,"Nada, excelente.",atencion_general,atencion,bien,llm_new
2026-02-22T20:58:28.027010+00:00,97a2d355f74585a38449dd9cc25d418ba58a9914c2c54e3376c94f59c0acb2f5,22,966223344,2,¿Qué te pareció la atención?,Súper cordiales.,mesero,atencion,bien,catalog
2026-02-22T20:58:28.027010+00:00,97a2d355f74585a38449dd9cc25d418ba58a9914c2c54e3376c94f59c0acb2f5,22,966223344,3,¿Qué te gustó más de la comida?,La leche de tigre como entrada.,comida,comida,bien,catalog
2026-02-22T20:58:28.027010+00:00,97a2d355f74585a38449dd9cc25d418ba58a9914c2c54e3376c94f59c0acb2f5,22,966223344,4,¿Qué opina sobre la relación entre calidad y precio?,Muy barato para lo rico que es.,precio,precio_calidad,bien,catalog
2026-02-22T20:58:28.027010+00:00,97a2d355f74585a38449dd9cc25d418ba58a9914c2c54e3376c94f59c0acb2f5,22,966223344,5,¿Qué te gustó mas del ambiente?,Te sientes en una peña limeña tradicional.,ambiente,ambiente,bien,catalog
2026-02-22T20:58:28.027010+00:00,97a2d355f74585a38449dd9cc25d418ba58a9914c2c54e3376c94f59c0acb2f5,22,966223344,6,¿Qué es lo que cambiarías de la experiencia?,"Nada, me encantó.",experiencia,experiencia_general,bien,catalog
2026-02-22T20:58:43.064827+00:00,65fd1c97451b2a7a05e8e407c9aa910ff21fd1ee41815c7f95f769b99f418296,23,999112233,1,¿Qué mejorarías de la atención?,Atender a todos por igual.,mesero,atencion,mal,catalog
2026-02-22T20:58:43.064827+00:00,65fd1c97451b2a7a05e8e407c9aa910ff21fd1ee41815c7f95f769b99f418296,23,999112233,2,¿Qué te pareció la atención?,Sentí que atendían mejor a los turistas.,mesero,atencion,mal,catalog
2026-02-22T20:58:43.064827+00:00,65fd1c97451b2a7a05e8e407c9aa910ff21fd1ee41815c7f95f769b99f418296,23,999112233,3,¿Qué te gustó más de la comida?,El cuy chactado estuvo crocante.,comida,comida,bien,catalog
2026-02-22T20:58:43.064827+00:00,65fd1c97451b2a7a05e8e407c9aa910ff21fd1ee41815c7f95f769b99f418296,23,999112233,4,¿Qué opina sobre la relación entre calidad y precio?,Caro para los locales.,precio,precio_calidad,mal,catalog
2026-02-22T20:58:43.064827+00:00,65fd1c97451b2a7a05e8e407c9aa910ff21fd1ee41815c7f95f769b99f418296,23,999112233,5,¿Qué te gustó mas del ambiente?,La temática andina.,tematica_andina,ambiente,bien,llm_new
2026-02-22T20:58:43.064827+00:00,65fd1c97451b2a7a05e8e407c9aa910ff21fd1ee41815c7f95f769b99f418296,23,999112233,6,¿Qué es lo que cambiarías de la experiencia?,Sentir que el trato es igual para todos.,experiencia,experiencia_general,mal,catalog
2026-02-22T20:58:59.615000+00:00,8fc98496b2ccb045444208b4980a8aa546c57502d87cd5b59b0e34bbf6f3cd6e,24,911998877,1,¿Qué mejorarías de la atención?,Que expliquen los ingredientes.,explicacion_ingredientes,comida,mal,llm_new
2026-02-22T20:58:59.615000+00:00,8fc98496b2ccb045444208b4980a8aa546c57502d87cd5b59b0e34bbf6f3cd6e,24,911998877,2,¿Qué te pareció la atención?,"Buena, pero no saben qué lleva cada plato.",mesero,atencion,bien,catalog
2026-02-22T20:58:59.615000+00:00,8fc98496b2ccb045444208b4980a8aa546c57502d87cd5b59b0e34bbf6f3cd6e,24,911998877,2,¿Qué te pareció la atención?,"Buena, pero no saben qué lleva cada plato.",mesero,atencion,mal,catalog
2026-02-22T20:58:59.615000+00:00,8fc98496b2ccb045444208b4980a8aa546c57502d87cd5b59b0e34bbf6f3cd6e,24,911998877,3,¿Qué te gustó más de la comida?,La chalaquita de los choros.,comida,comida,bien,catalog
2026-02-22T20:58:59.615000+00:00,8fc98496b2ccb045444208b4980a8aa546c57502d87cd5b59b0e34bbf6f3cd6e,24,911998877,4,¿Qué opina sobre la relación entre calidad y precio?,Buen precio.,precio,precio_calidad,bien,catalog
2026-02-22T20:58:59.615000+00:00,8fc98496b2ccb045444208b4980a8aa546c57502d87cd5b59b0e34bbf6f3cd6e,24,911998877,5,¿Qué te gustó mas del ambiente?,Lugar fresco.,ambiente,ambiente,bien,catalog
2026-02-22T20:58:59.615000+00:00,8fc98496b2ccb045444208b4980a8aa546c57502d87cd5b59b0e34bbf6f3cd6e,24,911998877,6,¿Qué es lo que cambiarías de la experiencia?,Capacitar al personal sobre alergias.,conocimiento_alergias,atencion,mal,llm_new
2026-02-22T20:59:12.951147+00:00,9ea327b946cb7559a21d3aae02a9505d85e66e863fc3c5629d65c905ad6085e5,25,944887766,1,¿Qué mejorarías de la atención?,Más personal.,mesero,atencion,mal,catalog
2026-02-22T20:59:12.951147+00:00,9ea327b946cb7559a21d3aae02a9505d85e66e863fc3c5629d65c905ad6085e5,25,944887766,2,¿Qué te pareció la atención?,"Faltan manos, un solo mozo para 10 mesas.",mesero,atencion,mal,catalog
2026-02-22T20:59:12.951147+00:00,9ea327b946cb7559a21d3aae02a9505d85e66e863fc3c5629d65c905ad6085e5,25,944887766,3,¿Qué te gustó más de la comida?,El seco de chavelo.,comida,comida,bien,catalog
2026-02-22T20:59:12.951147+00:00,9ea327b946cb7559a21d3aae02a9505d85e66e863fc3c5629d65c905ad6085e5,25,944887766,4,¿Qué opina sobre la relación entre calidad y precio?,"La comida vale el precio, el servicio no.",precio,precio_calidad,bien,catalog
2026-02-22T20:59:12.951147+00:00,9ea327b946cb7559a21d3aae02a9505d85e66e863fc3c5629d65c905ad6085e5,25,944887766,4,¿Qué opina sobre la relación entre calidad y precio?,"La comida vale el precio, el servicio no.",experiencia,experiencia_general,mal,catalog
2026-02-22T20:59:12.951147+00:00,9ea327b946cb7559a21d3aae02a9505d85e66e863fc3c5629d65c905ad6085e5,25,944887766,5,¿Qué te gustó mas del ambiente?,Bonita iluminación.,ambiente,ambiente,bien,catalog
2026-02-22T20:59:12.951147+00:00,9ea327b946cb7559a21d3aae02a9505d85e66e863fc3c5629d65c905ad6085e5,25,944887766,6,¿Qué es lo que cambiarías de la experiencia?,Contratar más gente.,mesero,atencion,mal,catalog
2026-02-22T20:59:40.092550+00:00,a17ff59fde212123caf9add4f486623a31a34359e3044c4f85cf517295a97755,26,977112233,1,¿Qué mejorarías de la atención?,"Nada, todo a tiempo.",tiempo_espera,atencion,bien,catalog
2026-02-22T20:59:40.092550+00:00,a17ff59fde212123caf9add4f486623a31a34359e3044c4f85cf517295a97755,26,977112233,2,¿Qué te pareció la atención?,Atención ágil.,tiempo_espera,atencion,bien,catalog
2026-02-22T20:59:40.092550+00:00,a17ff59fde212123caf9add4f486623a31a34359e3044c4f85cf517295a97755,26,977112233,3,¿Qué te gustó más de la comida?,El pollo a la brasa con papas peruanas.,comida,comida,bien,catalog
2026-02-22T20:59:40.092550+00:00,a17ff59fde212123caf9add4f486623a31a34359e3044c4f85cf517295a97755,26,977112233,4,¿Qué opina sobre la relación entre calidad y precio?,Precio justo.,precio,precio_calidad,bien,catalog
2026-02-22T20:59:40.092550+00:00,a17ff59fde212123caf9add4f486623a31a34359e3044c4f85cf517295a97755,26,977112233,5,¿Qué te gustó mas del ambiente?,Aroma a leña increíble.,olor,ambiente,bien,llm_new
2026-02-22T20:59:40.092550+00:00,a17ff59fde212123caf9add4f486623a31a34359e3044c4f85cf517295a97755,26,977112233,6,¿Qué es lo que cambiarías de la experiencia?,Nada.,experiencia,experiencia_general,bien,catalog
2026-02-22T20:59:49.838024+00:00,6b2345c0f3a805f76d433cf78499a3ef01b7d72bdc71e5b1d36e6be85d2b5900,27,922887766,1,¿Qué mejorarías de la atención?,Cobrar bien la cuenta.,cobro,atencion,mal,catalog
2026-02-22T20:59:49.838024+00:00,6b2345c0f3a805f76d433cf78499a3ef01b7d72bdc71e5b1d36e6be85d2b5900,27,922887766,2,¿Qué te pareció la atención?,"Nos cobraron de más por error, atención descuidada.",cobro,atencion,mal,catalog
2026-02-22T20:59:49.838024+00:00,6b2345c0f3a805f76d433cf78499a3ef01b7d72bdc71e5b1d36e6be85d2b5900,27,922887766,2,¿Qué te pareció la atención?,"Nos cobraron de más por error, atención descuidada.",mesero,atencion,mal,catalog
2026-02-22T20:59:49.838024+00:00,6b2345c0f3a805f76d433cf78499a3ef01b7d72bdc71e5b1d36e6be85d2b5900,27,922887766,3,¿Qué te gustó más de la comida?,El aguadito de pollo.,comida,comida,bien,catalog
2026-02-22T20:59:49.838024+00:00,6b2345c0f3a805f76d433cf78499a3ef01b7d72bdc71e5b1d36e6be85d2b5900,27,922887766,4,¿Qué opina sobre la relación entre calidad y precio?,"Mala experiencia, sentí que me estafaban.",experiencia,experiencia_general,mal,catalog
2026-02-22T20:59:49.838024+00:00,6b2345c0f3a805f76d433cf78499a3ef01b7d72bdc71e5b1d36e6be85d2b5900,27,922887766,4,¿Qué opina sobre la relación entre calidad y precio?,"Mala experiencia, sentí que me estafaban.",estafa_precio,precio_calidad,mal,llm_new
2026-02-22T20:59:49.838024+00:00,6b2345c0f3a805f76d433cf78499a3ef01b7d72bdc71e5b1d36e6be85d2b5900,27,922887766,5,¿Qué te gustó mas del ambiente?,Normal.,ambiente,ambiente,neutral,catalog
2026-02-22T20:59:49.838024+00:00,6b2345c0f3a805f76d433cf78499a3ef01b7d72bdc71e5b1d36e6be85d2b5900,27,922887766,6,¿Qué es lo que cambiarías de la experiencia?,Revisar la cuenta antes de entregarla.,cobro,atencion,mal,catalog
2026-02-22T21:00:02.645885+00:00,e001e276e9810f2aa760d3007963436b4bbba3096b25ea92b2b6749b79bb8459,28,955998877,1,¿Qué mejorarías de la atención?,Mayor empatía.,empatia,atencion,mal,llm_new
2026-02-22T21:00:02.645885+00:00,e001e276e9810f2aa760d3007963436b4bbba3096b25ea92b2b6749b79bb8459,28,955998877,2,¿Qué te pareció la atención?,Fríos.,mesero,atencion,mal,catalog
2026-02-22T21:00:02.645885+00:00,e001e276e9810f2aa760d3007963436b4bbba3096b25ea92b2b6749b79bb8459,28,955998877,3,¿Qué te gustó más de la comida?,La mazamorra morada.,comida,comida,bien,catalog
2026-02-22T21:00:02.645885+00:00,e001e276e9810f2aa760d3007963436b4bbba3096b25ea92b2b6749b79bb8459,28,955998877,4,¿Qué opina sobre la relación entre calidad y precio?,Económico.,precio,precio_calidad,bien,catalog
2026-02-22T21:00:02.645885+00:00,e001e276e9810f2aa760d3007963436b4bbba3096b25ea92b2b6749b79bb8459,28,955998877,5,¿Qué te gustó mas del ambiente?,Ubicación.,ubicacion,ambiente,bien,llm_new
2026-02-22T21:00:02.645885+00:00,e001e276e9810f2aa760d3007963436b4bbba3096b25ea92b2b6749b79bb8459,28,955998877,6,¿Qué es lo que cambiarías de la experiencia?,"Mejorar el trato, parecen enojados.",mesero,atencion,mal,catalog
2026-02-22T21:00:18.464495+00:00,e75773189f50b370425a771ec29313faba8010e1083938e1e5ee48d6ac1ae1d0,29,988223344,1,¿Qué mejorarías de la atención?,Entregar las bebidas frías.,bebidas,comida,mal,llm_new
2026-02-22T21:00:18.464495+00:00,e75773189f50b370425a771ec29313faba8010e1083938e1e5ee48d6ac1ae1d0,29,988223344,2,¿Qué te pareció la atención?,Lentos en la barra.,tiempo_espera,atencion,mal,catalog
2026-02-22T21:00:18.464495+00:00,e75773189f50b370425a771ec29313faba8010e1083938e1e5ee48d6ac1ae1d0,29,988223344,3,¿Qué te gustó más de la comida?,El ceviche mixto.,comida,comida,bien,catalog
2026-02-22T21:00:18.464495+00:00,e75773189f50b370425a771ec29313faba8010e1083938e1e5ee48d6ac1ae1d0,29,988223344,4,¿Qué opina sobre la relación entre calidad y precio?,Adecuado.,precio,precio_calidad,bien,catalog
2026-02-22T21:00:18.464495+00:00,e75773189f50b370425a771ec29313faba8010e1083938e1e5ee48d6ac1ae1d0,29,988223344,5,¿Qué te gustó mas del ambiente?,Buena música variada.,ambiente,ambiente,bien,catalog
2026-02-22T21:00:18.464495+00:00,e75773189f50b370425a771ec29313faba8010e1083938e1e5ee48d6ac1ae1d0,29,988223344,6,¿Qué es lo que cambiarías de la experiencia?,La temperatura de las bebidas.,bebidas,comida,mal,llm_new
2026-02-22T21:00:31.940035+00:00,c320f4754571ee0428064b63918ce31080214358f9486ce55ac9c60e1aa7f4dd,30,933112233,1,¿Qué mejorarías de la atención?,Que pregunten el término de la carne.,mesero,atencion,mal,catalog
2026-02-22T21:00:31.940035+00:00,c320f4754571ee0428064b63918ce31080214358f9486ce55ac9c60e1aa7f4dd,30,933112233,2,¿Qué te pareció la atención?,No me preguntaron cómo quería mi lomo.,mesero,atencion,mal,catalog
2026-02-22T21:00:31.940035+00:00,c320f4754571ee0428064b63918ce31080214358f9486ce55ac9c60e1aa7f4dd,30,933112233,3,¿Qué te gustó más de la comida?,"El sabor estaba bien, pero la carne muy hecha.",comida,comida,bien,catalog
2026-02-22T21:00:31.940035+00:00,c320f4754571ee0428064b63918ce31080214358f9486ce55ac9c60e1aa7f4dd,30,933112233,3,¿Qué te gustó más de la comida?,"El sabor estaba bien, pero la carne muy hecha.",punto_coccion_carne,comida,mal,llm_new
2026-02-22T21:00:31.940035+00:00,c320f4754571ee0428064b63918ce31080214358f9486ce55ac9c60e1aa7f4dd,30,933112233,4,¿Qué opina sobre la relación entre calidad y precio?,Un poco elevado.,precio,precio_calidad,mal,catalog
2026-02-22T21:00:31.940035+00:00,c320f4754571ee0428064b63918ce31080214358f9486ce55ac9c60e1aa7f4dd,30,933112233,5,¿Qué te gustó mas del ambiente?,Bonitos baños.,baños,ambiente,bien,llm_new
2026-02-22T21:00:31.940035+00:00,c320f4754571ee0428064b63918ce31080214358f9486ce55ac9c60e1aa7f4dd,30,933112233,6,¿Qué es lo que cambiarías de la experiencia?,Preguntar detalles de la comida al cliente.,personalizacion_comida,atencion,mal,llm_new
2026-02-22T21:00:52.001227+00:00,0d19ca2511cc8c29cc942a8230ad30587df7df29cb2bd30f0b8fe168d542b8fb,31,966998877,1,¿Qué mejorarías de la atención?,"Nada, servicio de 5 estrellas.",experiencia,experiencia_general,bien,catalog
2026-02-22T21:00:52.001227+00:00,0d19ca2511cc8c29cc942a8230ad30587df7df29cb2bd30f0b8fe168d542b8fb,31,966998877,2,¿Qué te pareció la atención?,Espectacular.,atencion_general,atencion,bien,llm_new
2026-02-22T21:00:52.001227+00:00,0d19ca2511cc8c29cc942a8230ad30587df7df29cb2bd30f0b8fe168d542b8fb,31,966998877,3,¿Qué te gustó más de la comida?,La degustación de causas.,comida,comida,bien,catalog
2026-02-22T21:00:52.001227+00:00,0d19ca2511cc8c29cc942a8230ad30587df7df29cb2bd30f0b8fe168d542b8fb,31,966998877,4,¿Qué opina sobre la relación entre calidad y precio?,Vale la pena cada centavo.,precio,precio_calidad,bien,catalog
2026-02-22T21:00:52.001227+00:00,0d19ca2511cc8c29cc942a8230ad30587df7df29cb2bd30f0b8fe168d542b8fb,31,966998877,5,¿Qué te gustó mas del ambiente?,Lujo y comodidad.,ambiente,ambiente,bien,catalog
2026-02-22T21:00:52.001227+00:00,0d19ca2511cc8c29cc942a8230ad30587df7df29cb2bd30f0b8fe168d542b8fb,31,966998877,6,¿Qué es lo que cambiarías de la experiencia?,Nada.,experiencia,experiencia_general,bien,catalog
2026-02-22T21:01:03.546602+00:00,8fc08697f170a73f97ba6007bf950ffcb504f39bf021cbcb0e90b496ce00256d,32,911445566,1,¿Qué mejorarías de la atención?,Traer el vuelto rápido.,tiempo_espera,atencion,mal,catalog
2026-02-22T21:01:03.546602+00:00,8fc08697f170a73f97ba6007bf950ffcb504f39bf021cbcb0e90b496ce00256d,32,911445566,2,¿Qué te pareció la atención?,"Bien, hasta que pedimos la cuenta, ahí desaparecieron.",mesero,atencion,bien,catalog
2026-02-22T21:01:03.546602+00:00,8fc08697f170a73f97ba6007bf950ffcb504f39bf021cbcb0e90b496ce00256d,32,911445566,2,¿Qué te pareció la atención?,"Bien, hasta que pedimos la cuenta, ahí desaparecieron.",cobro,atencion,mal,catalog
2026-02-22T21:01:03.546602+00:00,8fc08697f170a73f97ba6007bf950ffcb504f39bf021cbcb0e90b496ce00256d,32,911445566,2,¿Qué te pareció la atención?,"Bien, hasta que pedimos la cuenta, ahí desaparecieron.",tiempo_espera,atencion,mal,catalog
2026-02-22T21:01:03.546602+00:00,8fc08697f170a73f97ba6007bf950ffcb504f39bf021cbcb0e90b496ce00256d,32,911445566,3,¿Qué te gustó más de la comida?,El tallarín saltado.,tallarin_saltado,comida,bien,llm_new
2026-02-22T21:01:03.546602+00:00,8fc08697f170a73f97ba6007bf950ffcb504f39bf021cbcb0e90b496ce00256d,32,911445566,4,¿Qué opina sobre la relación entre calidad y precio?,Promedio.,precio,precio_calidad,neutral,catalog
2026-02-22T21:01:03.546602+00:00,8fc08697f170a73f97ba6007bf950ffcb504f39bf021cbcb0e90b496ce00256d,32,911445566,5,¿Qué te gustó mas del ambiente?,Lugar muy limpio.,limpieza,ambiente,bien,llm_new
2026-02-22T21:01:03.546602+00:00,8fc08697f170a73f97ba6007bf950ffcb504f39bf021cbcb0e90b496ce00256d,32,911445566,6,¿Qué es lo que cambiarías de la experiencia?,El proceso de pago.,cobro,atencion,mal,catalog
2026-02-22T21:01:28.964854+00:00,72116b8d62c68247478d483f6134dacaa62e6a329f3c93ec1ce53bcf94278269,33,999223344,1,¿Qué mejorarías de la atención?,Bajarle la confianza.,mesero,atencion,mal,catalog
2026-02-22T21:01:28.964854+00:00,72116b8d62c68247478d483f6134dacaa62e6a329f3c93ec1ce53bcf94278269,33,999223344,2,¿Qué te pareció la atención?,El mozo fue demasiado confianzudo.,mesero,atencion,mal,catalog
2026-02-22T21:01:28.964854+00:00,72116b8d62c68247478d483f6134dacaa62e6a329f3c93ec1ce53bcf94278269,33,999223344,3,¿Qué te gustó más de la comida?,El arroz con pato a la chiclayana.,comida,comida,bien,catalog
2026-02-22T21:01:28.964854+00:00,72116b8d62c68247478d483f6134dacaa62e6a329f3c93ec1ce53bcf94278269,33,999223344,4,¿Qué opina sobre la relación entre calidad y precio?,Justo.,precio,precio_calidad,bien,catalog
2026-02-22T21:01:28.964854+00:00,72116b8d62c68247478d483f6134dacaa62e6a329f3c93ec1ce53bcf94278269,33,999223344,5,¿Qué te gustó mas del ambiente?,Rústico.,ambiente,ambiente,bien,catalog
2026-02-22T21:01:28.964854+00:00,72116b8d62c68247478d483f6134dacaa62e6a329f3c93ec1ce53bcf94278269,33,999223344,6,¿Qué es lo que cambiarías de la experiencia?,Más profesionalismo.,profesionalismo,atencion,mal,llm_new
2026-02-22T21:01:40.729594+00:00,f9218f1e620758cd8fc90338334a785684b9f91a34317f5944495002b5ede163,34,944112233,1,¿Qué mejorarías de la atención?,Atender las llamadas.,llamadas,atencion,mal,llm_new
2026-02-22T21:01:40.729594+00:00,f9218f1e620758cd8fc90338334a785684b9f91a34317f5944495002b5ede163,34,944112233,2,¿Qué te pareció la atención?,"Nunca contestan para pedir delivery, en salón bien.",delivery,atencion,mal,llm_new
2026-02-22T21:01:40.729594+00:00,f9218f1e620758cd8fc90338334a785684b9f91a34317f5944495002b5ede163,34,944112233,2,¿Qué te pareció la atención?,"Nunca contestan para pedir delivery, en salón bien.",atencion_en_salon,atencion,bien,llm_new
2026-02-22T21:01:40.729594+00:00,f9218f1e620758cd8fc90338334a785684b9f91a34317f5944495002b5ede163,34,944112233,3,¿Qué te gustó más de la comida?,Los tequeños de lomo.,comida,comida,bien,catalog
2026-02-22T21:01:40.729594+00:00,f9218f1e620758cd8fc90338334a785684b9f91a34317f5944495002b5ede163,34,944112233,4,¿Qué opina sobre la relación entre calidad y precio?,Justo.,precio,precio_calidad,bien,catalog
2026-02-22T21:01:40.729594+00:00,f9218f1e620758cd8fc90338334a785684b9f91a34317f5944495002b5ede163,34,944112233,5,¿Qué te gustó mas del ambiente?,Lugar cómodo.,ambiente,ambiente,bien,catalog
2026-02-22T21:01:40.729594+00:00,f9218f1e620758cd8fc90338334a785684b9f91a34317f5944495002b5ede163,34,944112233,6,¿Qué es lo que cambiarías de la experiencia?,El servicio telefónico.,servicio_telefonico,atencion,mal,llm_new
2026-02-22T21:01:53.147400+00:00,d9915cec2f597e4fd41efdbedb5b5ad94ab2dddeb73234f84794b97ee80e905b,35,977223344,1,¿Qué mejorarías de la atención?,Que no retiren los platos antes de terminar.,retiro_platos,atencion,mal,llm_new
2026-02-22T21:01:53.147400+00:00,d9915cec2f597e4fd41efdbedb5b5ad94ab2dddeb73234f84794b97ee80e905b,35,977223344,2,¿Qué te pareció la atención?,"Apurados, parecían querer botarnos.",mesero,atencion,mal,catalog
2026-02-22T21:01:53.147400+00:00,d9915cec2f597e4fd41efdbedb5b5ad94ab2dddeb73234f84794b97ee80e905b,35,977223344,3,¿Qué te gustó más de la comida?,El sudado de pescado.,comida,comida,bien,catalog
2026-02-22T21:01:53.147400+00:00,d9915cec2f597e4fd41efdbedb5b5ad94ab2dddeb73234f84794b97ee80e905b,35,977223344,4,¿Qué opina sobre la relación entre calidad y precio?,Caro por la presión.,precio,precio_calidad,mal,fallback
2026-02-22T21:01:53.147400+00:00,d9915cec2f597e4fd41efdbedb5b5ad94ab2dddeb73234f84794b97ee80e905b,35,977223344,5,¿Qué te gustó mas del ambiente?,Buena vista.,vista,ambiente,bien,llm_new
2026-02-22T21:01:53.147400+00:00,d9915cec2f597e4fd41efdbedb5b5ad94ab2dddeb73234f84794b97ee80e905b,35,977223344,6,¿Qué es lo que cambiarías de la experiencia?,Respetar los tiempos del cliente.,tiempo_espera,atencion,mal,catalog
2026-02-22T21:02:10.612988+00:00,32498768e980628634fdda0a969a15d98b072cb52f396519bb143c29742ad7df,36,922998877,1,¿Qué mejorarías de la atención?,Ofrecer postres.,comida,comida,mal,catalog
2026-02-22T21:02:10.612988+00:00,32498768e980628634fdda0a969a15d98b072cb52f396519bb143c29742ad7df,36,922998877,2,¿Qué te pareció la atención?,"Tuvimos que pedirlos nosotros, no los ofrecieron.",mesero,atencion,mal,catalog
2026-02-22T21:02:10.612988+00:00,32498768e980628634fdda0a969a15d98b072cb52f396519bb143c29742ad7df,36,922998877,3,¿Qué te gustó más de la comida?,El suspiro a la limeña.,comida,comida,bien,catalog
2026-02-22T21:02:10.612988+00:00,32498768e980628634fdda0a969a15d98b072cb52f396519bb143c29742ad7df,36,922998877,4,¿Qué opina sobre la relación entre calidad y precio?,Relación correcta.,precio,precio_calidad,bien,catalog
2026-02-22T21:02:10.612988+00:00,32498768e980628634fdda0a969a15d98b072cb52f396519bb143c29742ad7df,36,922998877,5,¿Qué te gustó mas del ambiente?,Música agradable.,ambiente,ambiente,bien,catalog
2026-02-22T21:02:10.612988+00:00,32498768e980628634fdda0a969a15d98b072cb52f396519bb143c29742ad7df,36,922998877,6,¿Qué es lo que cambiarías de la experiencia?,Mejor labor de venta.,labor_venta,atencion,mal,llm_new
2026-02-22T21:02:24.387438+00:00,ff5c607172a2f45cfbe2fb42455fb2a5f55e0d963ed84c6ea0dbfe47d7fae256,37,955223344,1,¿Qué mejorarías de la atención?,Más cuidado al servir.,mesero,atencion,mal,catalog
2026-02-22T21:02:24.387438+00:00,ff5c607172a2f45cfbe2fb42455fb2a5f55e0d963ed84c6ea0dbfe47d7fae256,37,955223344,2,¿Qué te pareció la atención?,Derramaron un poco de chicha en la mesa.,mesero,atencion,mal,catalog
2026-02-22T21:02:24.387438+00:00,ff5c607172a2f45cfbe2fb42455fb2a5f55e0d963ed84c6ea0dbfe47d7fae256,37,955223344,3,¿Qué te gustó más de la comida?,El pan con chicharrón.,pan_con_chicharron,comida,bien,llm_new
2026-02-22T21:02:24.387438+00:00,ff5c607172a2f45cfbe2fb42455fb2a5f55e0d963ed84c6ea0dbfe47d7fae256,37,955223344,4,¿Qué opina sobre la relación entre calidad y precio?,Muy bueno.,precio,precio_calidad,bien,catalog
2026-02-22T21:02:24.387438+00:00,ff5c607172a2f45cfbe2fb42455fb2a5f55e0d963ed84c6ea0dbfe47d7fae256,37,955223344,5,¿Qué te gustó mas del ambiente?,Espacioso.,ambiente,ambiente,bien,catalog
2026-02-22T21:02:24.387438+00:00,ff5c607172a2f45cfbe2fb42455fb2a5f55e0d963ed84c6ea0dbfe47d7fae256,37,955223344,6,¿Qué es lo que cambiarías de la experiencia?,El cuidado de los mozos.,mesero,atencion,mal,catalog
2026-02-22T21:02:37.094367+00:00,349e2512010061efb05d0a1eb7903d19b3df775464c81e0116347920aee038d7,38,988334455,1,¿Qué mejorarías de la atención?,Excelente.,atencion_general,atencion,bien,llm_new
2026-02-22T21:02:37.094367+00:00,349e2512010061efb05d0a1eb7903d19b3df775464c81e0116347920aee038d7,38,988334455,2,¿Qué te pareció la atención?,Muy amables.,mesero,atencion,bien,catalog
2026-02-22T21:02:37.094367+00:00,349e2512010061efb05d0a1eb7903d19b3df775464c81e0116347920aee038d7,38,988334455,3,¿Qué te gustó más de la comida?,El ceviche carretillero.,comida,comida,bien,catalog
2026-02-22T21:02:37.094367+00:00,349e2512010061efb05d0a1eb7903d19b3df775464c81e0116347920aee038d7,38,988334455,4,¿Qué opina sobre la relación entre calidad y precio?,Barato.,precio,precio_calidad,bien,catalog
2026-02-22T21:02:37.094367+00:00,349e2512010061efb05d0a1eb7903d19b3df775464c81e0116347920aee038d7,38,988334455,5,¿Qué te gustó mas del ambiente?,Pintoresco.,ambiente,ambiente,bien,catalog
2026-02-22T21:02:37.094367+00:00,349e2512010061efb05d0a1eb7903d19b3df775464c81e0116347920aee038d7,38,988334455,6,¿Qué es lo que cambiarías de la experiencia?,Nada.,experiencia,experiencia_general,bien,catalog
2026-02-22T21:02:47.525853+00:00,3dbc0b51595ba9683d2439100f20b38a598ae8c09f17dd9957a22cfbde65a4d2,39,933998877,1,¿Qué mejorarías de la atención?,Son lentos.,tiempo_espera,atencion,mal,catalog
2026-02-22T21:02:47.525853+00:00,3dbc0b51595ba9683d2439100f20b38a598ae8c09f17dd9957a22cfbde65a4d2,39,933998877,2,¿Qué te pareció la atención?,Mucha demora.,tiempo_espera,atencion,mal,catalog
2026-02-22T21:02:47.525853+00:00,3dbc0b51595ba9683d2439100f20b38a598ae8c09f17dd9957a22cfbde65a4d2,39,933998877,3,¿Qué te gustó más de la comida?,La papa a la huancaína.,comida,comida,bien,catalog
2026-02-22T21:02:47.525853+00:00,3dbc0b51595ba9683d2439100f20b38a598ae8c09f17dd9957a22cfbde65a4d2,39,933998877,4,¿Qué opina sobre la relación entre calidad y precio?,Caro para esperar tanto.,precio,precio_calidad,mal,catalog
2026-02-22T21:02:47.525853+00:00,3dbc0b51595ba9683d2439100f20b38a598ae8c09f17dd9957a22cfbde65a4d2,39,933998877,4,¿Qué opina sobre la relación entre calidad y precio?,Caro para esperar tanto.,tiempo_espera,atencion,mal,catalog
2026-02-22T21:02:47.525853+00:00,3dbc0b51595ba9683d2439100f20b38a598ae8c09f17dd9957a22cfbde65a4d2,39,933998877,5,¿Qué te gustó mas del ambiente?,Sillas duras.,sillas,ambiente,mal,llm_new
2026-02-22T21:02:47.525853+00:00,3dbc0b51595ba9683d2439100f20b38a598ae8c09f17dd9957a22cfbde65a4d2,39,933998877,6,¿Qué es lo que cambiarías de la experiencia?,La agilidad de la cocina.,tiempo_espera,atencion,mal,catalog
2026-02-22T21:02:58.611207+00:00,4db1c6c6608b7e07c2af840fce7b4e44f02fa78b1e1b3643ebabed3d54e6e96b,40,966112233,1,¿Qué mejorarías de la atención?,"Nada, genial.",atencion_general,atencion,bien,llm_new
2026-02-22T21:02:58.611207+00:00,4db1c6c6608b7e07c2af840fce7b4e44f02fa78b1e1b3643ebabed3d54e6e96b,40,966112233,2,¿Qué te pareció la atención?,Atentos a que la copa de vino siempre esté llena.,mesero,atencion,bien,catalog
2026-02-22T21:02:58.611207+00:00,4db1c6c6608b7e07c2af840fce7b4e44f02fa78b1e1b3643ebabed3d54e6e96b,40,966112233,3,¿Qué te gustó más de la comida?,El asado de tira con puré.,comida,comida,bien,catalog
2026-02-22T21:02:58.611207+00:00,4db1c6c6608b7e07c2af840fce7b4e44f02fa78b1e1b3643ebabed3d54e6e96b,40,966112233,4,¿Qué opina sobre la relación entre calidad y precio?,Excelente calidad.,calidad,precio_calidad,bien,llm_new
2026-02-22T21:02:58.611207+00:00,4db1c6c6608b7e07c2af840fce7b4e44f02fa78b1e1b3643ebabed3d54e6e96b,40,966112233,5,¿Qué te gustó mas del ambiente?,Romántico.,ambiente,ambiente,bien,catalog
2026-02-22T21:02:58.611207+00:00,4db1c6c6608b7e07c2af840fce7b4e44f02fa78b1e1b3643ebabed3d54e6e96b,40,966112233,6,¿Qué es lo que cambiarías de la experiencia?,"Nada, perfecto para aniversarios.",experiencia,experiencia_general,bien,catalog
2026-02-22T21:03:17.681172+00:00,fd745054a66b682613ce91157da07fcca2737918f2877a789991609feb6fa986,41,911556677,1,¿Qué mejorarías de la atención?,Mejorar el wifi.,wifi,ambiente,mal,llm_new
2026-02-22T21:03:17.681172+00:00,fd745054a66b682613ce91157da07fcca2737918f2877a789991609feb6fa986,41,911556677,2,¿Qué te pareció la atención?,Buena atención.,servicio_general,atencion,bien,llm_new
2026-02-22T21:03:17.681172+00:00,fd745054a66b682613ce91157da07fcca2737918f2877a789991609feb6fa986,41,911556677,3,¿Qué te gustó más de la comida?,Los alfajores.,comida,comida,bien,catalog
2026-02-22T21:03:17.681172+00:00,fd745054a66b682613ce91157da07fcca2737918f2877a789991609feb6fa986,41,911556677,4,¿Qué opina sobre la relación entre calidad y precio?,Aceptable.,precio,precio_calidad,neutral,catalog
2026-02-22T21:03:17.681172+00:00,fd745054a66b682613ce91157da07fcca2737918f2877a789991609feb6fa986,41,911556677,5,¿Qué te gustó mas del ambiente?,Ideal para trabajar.,ambiente,ambiente,bien,catalog
2026-02-22T21:03:17.681172+00:00,fd745054a66b682613ce91157da07fcca2737918f2877a789991609feb6fa986,41,911556677,6,¿Qué es lo que cambiarías de la experiencia?,"El internet, venía a una reunión.",internet,ambiente,mal,llm_new
2026-02-22T21:03:32.561362+00:00,b40fe61dcae933ee18e441fba66f21446ec6d7722e9b070cab77530477e253ca,42,999334455,1,¿Qué mejorarías de la atención?,No hay parqueo.,parqueo,experiencia_general,mal,llm_new
2026-02-22T21:03:32.561362+00:00,b40fe61dcae933ee18e441fba66f21446ec6d7722e9b070cab77530477e253ca,42,999334455,2,¿Qué te pareció la atención?,Buena atención adentro.,mesero,atencion,bien,catalog
2026-02-22T21:03:32.561362+00:00,b40fe61dcae933ee18e441fba66f21446ec6d7722e9b070cab77530477e253ca,42,999334455,3,¿Qué te gustó más de la comida?,La ronda marina.,comida,comida,bien,catalog
2026-02-22T21:03:32.561362+00:00,b40fe61dcae933ee18e441fba66f21446ec6d7722e9b070cab77530477e253ca,42,999334455,4,¿Qué opina sobre la relación entre calidad y precio?,Justo.,precio,precio_calidad,bien,catalog
2026-02-22T21:03:32.561362+00:00,b40fe61dcae933ee18e441fba66f21446ec6d7722e9b070cab77530477e253ca,42,999334455,5,¿Qué te gustó mas del ambiente?,Luminoso.,ambiente,ambiente,bien,catalog
2026-02-22T21:03:32.561362+00:00,b40fe61dcae933ee18e441fba66f21446ec6d7722e9b070cab77530477e253ca,42,999334455,6,¿Qué es lo que cambiarías de la experiencia?,El servicio de valet parking o estacionamiento.,valet_parking,experiencia_general,mal,llm_new
2026-02-22T21:03:43.150465+00:00,af4acbe60b353421e34e7659620065981f4b3ff87433c879fe0033eee30cf5de,43,944998877,1,¿Qué mejorarías de la atención?,Que tengan todo lo de la carta.,comida,comida,mal,catalog
2026-02-22T21:03:43.150465+00:00,af4acbe60b353421e34e7659620065981f4b3ff87433c879fe0033eee30cf5de,43,944998877,2,¿Qué te pareció la atención?,"Queríamos un plato y no había, luego otro y tampoco.",disponibilidad_platos,comida,mal,llm_new
2026-02-22T21:03:43.150465+00:00,af4acbe60b353421e34e7659620065981f4b3ff87433c879fe0033eee30cf5de,43,944998877,3,¿Qué te gustó más de la comida?,Lo que nos tocó estaba rico.,comida,comida,bien,catalog
2026-02-22T21:03:43.150465+00:00,af4acbe60b353421e34e7659620065981f4b3ff87433c879fe0033eee30cf5de,43,944998877,4,¿Qué opina sobre la relación entre calidad y precio?,Regular.,precio,precio_calidad,neutral,catalog
2026-02-22T21:03:43.150465+00:00,af4acbe60b353421e34e7659620065981f4b3ff87433c879fe0033eee30cf5de,43,944998877,5,¿Qué te gustó mas del ambiente?,Cómodo.,ambiente,ambiente,bien,catalog
2026-02-22T21:03:43.150465+00:00,af4acbe60b353421e34e7659620065981f4b3ff87433c879fe0033eee30cf5de,43,944998877,6,¿Qué es lo que cambiarías de la experiencia?,El control de inventario.,control_inventario,experiencia_general,mal,llm_new
2026-02-22T21:03:55.359881+00:00,efc414240c080d1e011a72ad955d84c3a748fe78005a4972375c359ff517dc78,44,977334455,1,¿Qué mejorarías de la atención?,Muy buena.,mesero,atencion,bien,catalog
2026-02-22T21:03:55.359881+00:00,efc414240c080d1e011a72ad955d84c3a748fe78005a4972375c359ff517dc78,44,977334455,2,¿Qué te pareció la atención?,Cordiales.,mesero,atencion,bien,catalog
2026-02-22T21:03:55.359881+00:00,efc414240c080d1e011a72ad955d84c3a748fe78005a4972375c359ff517dc78,44,977334455,3,¿Qué te gustó más de la comida?,El locro de zapallo.,comida,comida,bien,catalog
2026-02-22T21:03:55.359881+00:00,efc414240c080d1e011a72ad955d84c3a748fe78005a4972375c359ff517dc78,44,977334455,4,¿Qué opina sobre la relación entre calidad y precio?,Económico.,precio,precio_calidad,bien,catalog
2026-02-22T21:03:55.359881+00:00,efc414240c080d1e011a72ad955d84c3a748fe78005a4972375c359ff517dc78,44,977334455,5,¿Qué te gustó mas del ambiente?,Familiar.,ambiente_familiar,ambiente,bien,llm_new
2026-02-22T21:03:55.359881+00:00,efc414240c080d1e011a72ad955d84c3a748fe78005a4972375c359ff517dc78,44,977334455,6,¿Qué es lo que cambiarías de la experiencia?,Pondría más opciones vegetarianas.,opciones_vegetarianas,comida,mal,llm_new
2026-02-22T21:04:08.121148+00:00,34f9cf395bd1880347369f00b7cf95cec1f675fbc89689448df818f2cca7f9a6,45,922445566,1,¿Qué mejorarías de la atención?,Nada.,atencion_general,atencion,bien,llm_new
2026-02-22T21:04:08.121148+00:00,34f9cf395bd1880347369f00b7cf95cec1f675fbc89689448df818f2cca7f9a6,45,922445566,2,¿Qué te pareció la atención?,Súper rápidos.,tiempo_espera,atencion,bien,catalog
2026-02-22T21:04:08.121148+00:00,34f9cf395bd1880347369f00b7cf95cec1f675fbc89689448df818f2cca7f9a6,45,922445566,3,¿Qué te gustó más de la comida?,La ensalada fresca.,ensalada,comida,bien,llm_new
2026-02-22T21:04:08.121148+00:00,34f9cf395bd1880347369f00b7cf95cec1f675fbc89689448df818f2cca7f9a6,45,922445566,4,¿Qué opina sobre la relación entre calidad y precio?,Justo.,precio,precio_calidad,bien,catalog
2026-02-22T21:04:08.121148+00:00,34f9cf395bd1880347369f00b7cf95cec1f675fbc89689448df818f2cca7f9a6,45,922445566,5,¿Qué te gustó mas del ambiente?,Agradable.,ambiente,ambiente,bien,catalog
2026-02-22T21:04:08.121148+00:00,34f9cf395bd1880347369f00b7cf95cec1f675fbc89689448df818f2cca7f9a6,45,922445566,6,¿Qué es lo que cambiarías de la experiencia?,"Nada, todo bien.",experiencia,experiencia_general,bien,catalog
2026-02-22T21:04:19.280436+00:00,7e2bf464f0af21097564be3011c4a32777e3d573f5708935b0124a93d3a5725c,46,955334455,1,¿Qué mejorarías de la atención?,Que tengan opciones de pago modernas.,cobro,atencion,mal,catalog
2026-02-22T21:04:19.280436+00:00,7e2bf464f0af21097564be3011c4a32777e3d573f5708935b0124a93d3a5725c,46,955334455,2,¿Qué te pareció la atención?,No aceptaban tarjetas sin contacto.,cobro,atencion,mal,catalog
2026-02-22T21:04:19.280436+00:00,7e2bf464f0af21097564be3011c4a32777e3d573f5708935b0124a93d3a5725c,46,955334455,3,¿Qué te gustó más de la comida?,El chupe.,chupe,comida,bien,llm_new
2026-02-22T21:04:19.280436+00:00,7e2bf464f0af21097564be3011c4a32777e3d573f5708935b0124a93d3a5725c,46,955334455,4,¿Qué opina sobre la relación entre calidad y precio?,Precio normal.,precio,precio_calidad,neutral,catalog
2026-02-22T21:04:19.280436+00:00,7e2bf464f0af21097564be3011c4a32777e3d573f5708935b0124a93d3a5725c,46,955334455,5,¿Qué te gustó mas del ambiente?,Tranquilo.,ambiente,ambiente,bien,catalog
2026-02-22T21:04:19.280436+00:00,7e2bf464f0af21097564be3011c4a32777e3d573f5708935b0124a93d3a5725c,46,955334455,6,¿Qué es lo que cambiarías de la experiencia?,Actualizar los métodos de pago (Yape/Plin).,metodos_pago,atencion,mal,llm_new
2026-02-22T21:04:33.844432+00:00,58178b330e846b61b9a92954dbf1165e8a71e4c677e2696f5219f0adec8d8aae,47,988445566,1,¿Qué mejorarías de la atención?,Mala actitud.,mesero,atencion,mal,catalog
2026-02-22T21:04:33.844432+00:00,58178b330e846b61b9a92954dbf1165e8a71e4c677e2696f5219f0adec8d8aae,47,988445566,2,¿Qué te pareció la atención?,El mozo nos ignoraba.,mesero,atencion,mal,catalog
2026-02-22T21:04:33.844432+00:00,58178b330e846b61b9a92954dbf1165e8a71e4c677e2696f5219f0adec8d8aae,47,988445566,3,¿Qué te gustó más de la comida?,El pulpo al olivo salvó la noche.,comida,comida,bien,catalog
2026-02-22T21:04:33.844432+00:00,58178b330e846b61b9a92954dbf1165e8a71e4c677e2696f5219f0adec8d8aae,47,988445566,4,¿Qué opina sobre la relación entre calidad y precio?,No volvería a pagar por ese servicio.,precio,precio_calidad,mal,catalog
2026-02-22T21:04:33.844432+00:00,58178b330e846b61b9a92954dbf1165e8a71e4c677e2696f5219f0adec8d8aae,47,988445566,5,¿Qué te gustó mas del ambiente?,Mucho ruido.,ambiente,ambiente,mal,catalog
2026-02-22T21:04:33.844432+00:00,58178b330e846b61b9a92954dbf1165e8a71e4c677e2696f5219f0adec8d8aae,47,988445566,6,¿Qué es lo que cambiarías de la experiencia?,Cambiar al personal.,mesero,atencion,mal,catalog
2026-02-22T21:04:47.268953+00:00,4f95eb2b8550555a24f30660ad165a82f3d10a3a33d40dee9f9c72bcb6b8a1a9,48,933556677,1,¿Qué mejorarías de la atención?,Amabilidad.,mesero,atencion,mal,catalog
2026-02-22T21:04:47.268953+00:00,4f95eb2b8550555a24f30660ad165a82f3d10a3a33d40dee9f9c72bcb6b8a1a9,48,933556677,2,¿Qué te pareció la atención?,Muy buenos anfitriones.,mesero,atencion,bien,catalog
2026-02-22T21:04:47.268953+00:00,4f95eb2b8550555a24f30660ad165a82f3d10a3a33d40dee9f9c72bcb6b8a1a9,48,933556677,3,¿Qué te gustó más de la comida?,El cau cau.,comida,comida,bien,catalog
2026-02-22T21:04:47.268953+00:00,4f95eb2b8550555a24f30660ad165a82f3d10a3a33d40dee9f9c72bcb6b8a1a9,48,933556677,4,¿Qué opina sobre la relación entre calidad y precio?,Vale la pena.,precio,precio_calidad,bien,catalog
2026-02-22T21:04:47.268953+00:00,4f95eb2b8550555a24f30660ad165a82f3d10a3a33d40dee9f9c72bcb6b8a1a9,48,933556677,5,¿Qué te gustó mas del ambiente?,Limpio.,limpieza,ambiente,bien,llm_new
2026-02-22T21:04:47.268953+00:00,4f95eb2b8550555a24f30660ad165a82f3d10a3a33d40dee9f9c72bcb6b8a1a9,48,933556677,6,¿Qué es lo que cambiarías de la experiencia?,Nada.,experiencia,experiencia_general,bien,catalog
2026-02-22T21:04:59.818484+00:00,ec65b3cef4310674cbff9ae94583c932cfc6704026dc81bdf07388f8cdb9e7af,49,966445566,1,¿Qué mejorarías de la atención?,Rapidez.,tiempo_espera,atencion,mal,catalog
2026-02-22T21:04:59.818484+00:00,ec65b3cef4310674cbff9ae94583c932cfc6704026dc81bdf07388f8cdb9e7af,49,966445566,2,¿Qué te pareció la atención?,Normal.,calidad_servicio,atencion,neutral,llm_new
2026-02-22T21:04:59.818484+00:00,ec65b3cef4310674cbff9ae94583c932cfc6704026dc81bdf07388f8cdb9e7af,49,966445566,3,¿Qué te gustó más de la comida?,La sopa seca.,comida,comida,bien,catalog
2026-02-22T21:04:59.818484+00:00,ec65b3cef4310674cbff9ae94583c932cfc6704026dc81bdf07388f8cdb9e7af,49,966445566,4,¿Qué opina sobre la relación entre calidad y precio?,Caro.,precio,precio_calidad,mal,catalog
2026-02-22T21:04:59.818484+00:00,ec65b3cef4310674cbff9ae94583c932cfc6704026dc81bdf07388f8cdb9e7af,49,966445566,5,¿Qué te gustó mas del ambiente?,Caluroso.,ambiente,ambiente,mal,catalog
2026-02-22T21:04:59.818484+00:00,ec65b3cef4310674cbff9ae94583c932cfc6704026dc81bdf07388f8cdb9e7af,49,966445566,6,¿Qué es lo que cambiarías de la experiencia?,Mejorar el aire acondicionado.,aire_acondicionado,ambiente,mal,llm_new
2026-02-22T21:05:15.194921+00:00,8cc85549527378eae6796b01eac5aeba63287d5d179bafa121fd8251489692d1,50,911667788,1,¿Qué mejorarías de la atención?,Perfecto.,atencion,atencion,bien,llm_new
2026-02-22T21:05:15.194921+00:00,8cc85549527378eae6796b01eac5aeba63287d5d179bafa121fd8251489692d1,50,911667788,2,¿Qué te pareció la atención?,Nos recomendaron súper bien.,mesero,atencion,bien,catalog
2026-02-22T21:05:15.194921+00:00,8cc85549527378eae6796b01eac5aeba63287d5d179bafa121fd8251489692d1,50,911667788,3,¿Qué te gustó más de la comida?,El tacu tacu limeño.,comida,comida,bien,catalog
2026-02-22T21:05:15.194921+00:00,8cc85549527378eae6796b01eac5aeba63287d5d179bafa121fd8251489692d1,50,911667788,4,¿Qué opina sobre la relación entre calidad y precio?,Excelente inversión.,precio,precio_calidad,bien,catalog
2026-02-22T21:05:15.194921+00:00,8cc85549527378eae6796b01eac5aeba63287d5d179bafa121fd8251489692d1,50,911667788,5,¿Qué te gustó mas del ambiente?,Hermoso local.,ambiente,ambiente,bien,catalog
2026-02-22T21:05:15.194921+00:00,8cc85549527378eae6796b01eac5aeba63287d5d179bafa121fd8251489692d1,50,911667788,6,¿Qué es lo que cambiarías de la experiencia?,Me encantó todo.,experiencia,experiencia_general,bien,catalog
